{"type": "block", "layer": 0, "block": 0, "features": [{"geom": {"triangles": {"v": [-8605.976550972788, -7390.913750598207, 0.0, 8605.898449027212, 7391.086249401793, 0.0, 8605.898449027212, -7390.913750598207, 0.0, -8605.976550972788, 7391.086249401793, 0.0], "f": [0, 1, 2, 0, 3, 1]}, "centroids": [[2.3283064365386963e-10, 9.313225746154785e-10, 0.0]]}, "mtl": {"idx": 0}}], "featureCount": 1, "startIndex": 0}