{"type": "block", "layer": 1, "block": 1, "features": [{"geom": {"lines": [[-764.934866546886, 3643.0077257193625, 0.0, -742.611894931877, 3634.5187474098057, 0.0, -652.8298934299964, 3641.0699462825432, 0.0, -480.67319608316757, 3737.2138938661665, 0.0, -478.24788454477675, 3804.896482106298, 0.0, -520.9687367419247, 3889.449571542442, 0.0, -649.2475061791483, 3973.0069074053317, 0.0, -664.4966524748597, 4054.44737146236, 0.0, -513.6624857338611, 4134.895663792267, 0.0, -586.3763572855387, 4261.517550798133, 0.0, -551.9167225148994, 4329.307594459504, 0.0]]}, "mtl": {"idx": 0}}, {"geom": {"lines": [[-2213.442077219719, 2438.758397312835, 0.0, -1162.9385954162572, 2503.794000333175, 0.0, -1191.28947674972, 2559.3018893012777, 0.0, -1206.058613470057, 2549.852975891903, 0.0, -1308.8311898980755, 2580.5601535476744, 0.0, -1214.3248836298008, 2598.8633936997503, 0.0, -1188.3386810452212, 2637.837475126609, 0.0, -1200.1519693287555, 2678.580989163369, 0.0, -1106.2368327474687, 2644.3313644407317, 0.0, -1006.7232686991338, 2661.5564685286954, 0.0, -824.8046924120281, 2712.3399007935077, 0.0, -781.8615199897904, 2689.924699840136, 0.0, -645.7813317722175, 2536.1345003973693, 0.0, -574.7803364938591, 2539.6841111583635, 0.0]]}, "mtl": {"idx": 0}}, {"geom": {"lines": [[-100.08118296437897, 2910.4733708966523, 0.0, -174.0178157503251, 2899.3159162839875, 0.0, -214.0101924680639, 2837.7153049083427, 0.0, -253.77014349517412, 2801.918322114274, 0.0, -281.25700759445317, 2722.2759454473853, 0.0, -317.06572190788575, 2651.1440381724387, 0.0, -369.0330743447412, 2611.7222258225083, 0.0, -438.5586717699189, 2612.187865981832, 0.0, -453.90381998126395, 2652.4012666055933, 0.0, -586.3611990886275, 2723.1642435994, 0.0, -740.0552123517264, 2768.259702211246, 0.0, -814.618383951718, 2783.249733529985, 0.0, -904.3700690588448, 2839.9718687627465, 0.0, -1046.9025965139735, 2891.3427239991724, 0.0, -1143.4855757870246, 2956.858294568956, 0.0, -1276.2360133726615, 3007.419652295299, 0.0, -1342.0579579698388, 3023.0329250581563, 0.0, -1380.357669342542, 3052.400491790846, 0.0, -1452.8694316002075, 3079.9126615766436, 0.0, -1506.044387073489, 3123.0345222782344, 0.0, -1599.6866761057172, 3170.5047457087785, 0.0, -1658.0659459216986, 3170.5047457087785, 0.0, -1877.789065809222, 3095.4328063083813, 0.0, -2157.776124687167, 2732.272881506011, 0.0, -2232.1321342599113, 2448.064036825672, 0.0]]}, "mtl": {"idx": 0}}, {"geom": {"lines": [[3433.626573353773, 6572.340036643669, 0.0, 3332.789439889835, 6489.492881014012, 0.0, 3292.1595657712314, 6425.936523464508, 0.0, 3192.648238803027, 6370.529299735092, 0.0, 3111.791910572676, 6361.829617608339, 0.0, 3152.4833300656173, 6216.2037934381515, 0.0, 3146.946231657872, 6083.6755380723625, 0.0, 3142.389491512673, 6054.6015282049775, 0.0, 3164.8229792031925, 6020.273067031056, 0.0, 3138.518883030629, 5884.731025211513, 0.0, 3147.1447651253548, 5839.025151267648, 0.0, 3111.0581308768597, 5712.773568204604, 0.0, 3066.597354970174, 5569.506810149178, 0.0, 2999.539499795763, 5542.930820996873, 0.0, 2967.3679455255624, 5400.75690308772, 0.0, 2870.9180046259426, 5425.047080317512, 0.0, 2838.9104389999993, 5452.463648170233, 0.0, 2757.5196586749516, 5461.60250412114, 0.0, 2671.5562555270735, 5425.960913212039, 0.0, 2712.518474669894, 5355.947295084596, 0.0, 2614.749477412319, 5276.744403850287, 0.0, 2547.6419888709206, 5141.463582622819, 0.0, 2504.07461356814, 5149.853383698501, 0.0, 2310.272595692193, 5063.134998639114, 0.0]]}, "mtl": {"idx": 1}}, {"geom": {"lines": [[6014.037919210037, 6964.327093170956, 0.0, 5938.336710995762, 6868.698046879843, 0.0, 5929.278423008975, 6818.474655305967, 0.0, 5949.147652433487, 6789.2750417254865, 0.0, 5882.4872612610925, 6735.974622666836, 0.0, 5752.918364384444, 6529.611936900765, 0.0]]}, "mtl": {"idx": 0}}, {"geom": {"lines": [[1447.046299652895, 4302.6526448037475, 0.0, 1455.3886759560555, 4325.326135350391, 0.0, 1474.1262646161485, 4496.347625103779, 0.0, 1509.1030967815313, 4522.562613372691, 0.0, 1703.9744159129914, 4556.2676233854145, 0.0, 1864.126996387029, 4622.104522771202, 0.0, 1959.0645093314815, 4650.191972559318, 0.0, 1983.4233745897654, 4692.011158155277, 0.0, 1984.0479608783498, 4727.588629686274, 0.0, 2005.9084809815977, 4756.300233313814, 0.0, 2016.5264478891622, 4826.206868696958, 0.0, 2077.227658502059, 4901.393778809346, 0.0, 2091.59314314113, 4969.4277770053595, 0.0, 2106.5836111363024, 5027.475313767791, 0.0]]}, "mtl": {"idx": 0}}, {"geom": {"lines": [[551.2283525264356, 4301.108158297837, 0.0, 700.5290936680976, 4375.980795620009, 0.0, 809.0665462014731, 4380.243592431769, 0.0, 867.1483062442858, 4353.98310575448, 0.0, 924.4291822796222, 4375.0970022156835, 0.0, 1058.3598594365176, 4414.797437611967, 0.0, 1205.3179056623485, 4385.237877164036, 0.0, 1262.9835395573173, 4346.250660059042, 0.0, 1310.4044494640548, 4353.523202924989, 0.0, 1416.7496954496019, 4299.800122978166, 0.0, 1447.046299652895, 4302.6526448037475, 0.0, 1600.1743689805735, 4230.103061342612, 0.0, 1644.7097934710328, 4216.690517069772, 0.0, 1703.8866641207132, 4164.869235453196, 0.0, 1749.6422753019724, 4145.360080147162, 0.0, 1790.5171397191007, 4150.237368972972, 0.0, 1841.153100597905, 4125.241175903007, 0.0, 1881.4180702029262, 4017.9408217184246, 0.0, 1965.1547219797503, 3967.6413652384654, 0.0, 1992.0639481612016, 3948.608625696972, 0.0, 2064.887612297898, 3928.433507204056, 0.0, 2105.745799903525, 3904.655757991597, 0.0]]}, "mtl": {"idx": 0}}, {"geom": {"lines": [[-2266.320572016062, 2438.6146407779306, 0.0, -2227.4033614371438, 2673.6645919475704, 0.0, -2208.6474426810164, 2776.9583889245987, 0.0, -2198.7622809933964, 2853.129959374666, 0.0, -2172.4353110885713, 2894.90671123378, 0.0, -2183.297893895069, 2948.200736876577, 0.0, -2152.3479862690438, 3036.781132486649, 0.0, -2044.6890126105864, 3182.973129598424, 0.0, -1993.3506287934724, 3246.7919472996145, 0.0, -1962.0520195795689, 3316.0722181005403, 0.0, -1915.3154400542844, 3432.195383341983, 0.0, -1907.1420861624647, 3479.0971538173035, 0.0, -1887.3136458557565, 3488.0350965680555, 0.0, -1857.5049434269313, 3484.9258812256157, 0.0, -1803.0335286736954, 3532.0267087705433, 0.0, -1746.7816224789713, 3555.734125301242, 0.0, -1700.462428187253, 3555.3752618525177, 0.0, -1660.9270647934172, 3575.1968601113185, 0.0, -1568.801161878975, 3604.444231119007, 0.0, -1449.0802832853515, 3646.8770302198827, 0.0, -1427.8517532676924, 3672.734823817387, 0.0, -1323.7167789919768, 3723.7859529098496, 0.0, -1161.401473071659, 3879.1317715644836, 0.0, -1118.6221282363404, 3932.8351258272305, 0.0]]}, "mtl": {"idx": 0}}, {"geom": {"lines": [[852.7943365459796, 2067.7306042574346, 0.0, 878.004910379881, 2125.765317145735, 0.0, 940.13040008815, 2162.6555670732632, 0.0, 977.0453159629833, 2147.8093837667257, 0.0]]}, "mtl": {"idx": 0}}, {"geom": {"lines": [[-1218.4564495908562, 3314.5722810328007, 0.0, -1172.5493571769912, 3347.5400566924363, 0.0, -1172.3274561662693, 3382.3301857998595, 0.0, -1210.621230572695, 3413.186835082248, 0.0, -1253.7756937837694, 3399.449093716219, 0.0, -1314.2807026833761, 3402.8302602646872, 0.0, -1380.0743523354176, 3436.221382648684, 0.0, -1380.4970209274907, 3467.0752283111215, 0.0]]}, "mtl": {"idx": 0}}, {"geom": {"lines": [[-1682.884967328282, 3289.3182054106146, 0.0, -1692.8649602525402, 3312.458351034671, 0.0, -1835.4627763705794, 3441.3828483335674, 0.0, -1904.4951241074596, 3474.3870710628107, 0.0]]},